investigation_id,alert_id,user_id,account_id,investigation_started_at,investigation_completed_at,outcome
1,6,66,18,2026-05-01 23:36:00,2026-05-02 01:00:00,dismissed_false_positive
2,7,10,4,2026-05-01 15:06:00,2026-05-01 16:17:00,remediated
3,9,9,3,2026-05-01 14:31:00,2026-05-01 15:41:00,remediated
4,13,6,2,2026-05-01 22:43:00,2026-05-01 23:27:00,remediated
5,14,53,15,2026-05-01 17:44:00,2026-05-01 19:36:00,remediated
6,16,27,8,2026-05-01 18:47:00,2026-05-01 19:39:00,remediated
7,17,33,9,2026-05-01 16:26:00,2026-05-01 18:07:00,escalated
8,18,57,16,2026-05-01 13:22:00,2026-05-01 14:37:00,escalated
9,19,4,2,2026-05-01 21:48:00,2026-05-01 22:56:00,remediated
10,22,6,2,2026-05-01 12:36:00,2026-05-01 13:43:00,dismissed_false_positive
11,23,23,7,2026-05-01 15:30:00,2026-05-01 16:53:00,dismissed_false_positive
12,24,2,1,2026-05-01 21:04:00,2026-05-01 22:09:00,dismissed_false_positive
13,25,28,8,2026-05-01 16:01:00,2026-05-01 17:32:00,dismissed_false_positive
14,28,66,18,2026-05-01 16:10:00,2026-05-01 16:54:00,remediated
15,32,31,9,2026-05-01 23:34:00,2026-05-02 00:46:00,remediated
16,33,13,5,2026-05-02 00:33:00,2026-05-02 01:29:00,remediated
17,38,38,11,2026-05-02 01:22:00,2026-05-02 02:52:00,remediated
18,39,27,8,2026-05-02 01:42:00,2026-05-02 03:24:00,remediated
19,41,32,9,2026-05-01 22:44:00,2026-05-01 23:53:00,dismissed_false_positive
20,42,11,4,2026-05-01 14:19:00,2026-05-01 15:15:00,dismissed_false_positive
21,43,38,11,2026-05-01 21:34:00,2026-05-01 21:59:00,dismissed_false_positive
22,44,62,17,2026-05-01 17:38:00,2026-05-01 19:36:00,dismissed_false_positive
23,45,12,4,2026-05-02 02:47:00,2026-05-02 03:40:00,dismissed_false_positive
24,46,14,5,2026-05-01 19:06:00,2026-05-01 19:29:00,escalated
25,47,2,1,2026-05-01 16:08:00,2026-05-01 17:26:00,escalated
26,50,27,8,2026-05-01 13:31:00,2026-05-01 14:50:00,remediated
27,51,69,19,2026-05-01 22:47:00,2026-05-01 23:06:00,escalated
28,54,11,4,2026-05-01 13:28:00,2026-05-01 14:45:00,dismissed_false_positive
29,57,34,9,2026-05-01 18:26:00,2026-05-01 19:58:00,dismissed_false_positive
30,58,65,18,2026-05-01 13:50:00,2026-05-01 14:10:00,escalated
31,59,39,11,2026-05-01 19:44:00,2026-05-01 20:38:00,dismissed_false_positive
32,60,71,19,2026-05-01 11:06:00,2026-05-01 11:45:00,dismissed_false_positive
33,61,50,14,2026-05-01 19:22:00,2026-05-01 19:26:00,dismissed_false_positive
34,63,65,18,2026-05-02 02:53:00,2026-05-02 02:57:00,remediated
35,64,16,5,2026-05-01 13:48:00,2026-05-01 14:16:00,dismissed_false_positive
36,65,33,9,2026-05-01 15:54:00,2026-05-01 17:04:00,remediated
37,67,4,2,2026-05-02 02:15:00,2026-05-02 03:35:00,remediated
38,68,12,4,2026-05-02 02:43:00,2026-05-02 04:22:00,dismissed_false_positive
39,69,10,4,2026-05-02 02:31:00,2026-05-02 04:30:00,dismissed_false_positive
40,70,46,13,2026-05-01 12:56:00,2026-05-01 13:35:00,escalated
41,71,12,4,2026-05-02 00:16:00,2026-05-02 01:41:00,dismissed_false_positive
42,72,2,1,2026-05-02 00:49:00,2026-05-02 02:11:00,dismissed_false_positive
43,73,50,14,2026-05-02 00:29:00,2026-05-02 01:38:00,dismissed_false_positive
44,75,8,3,2026-05-02 02:02:00,2026-05-02 03:15:00,escalated
45,76,37,11,2026-05-01 18:54:00,2026-05-01 19:40:00,dismissed_false_positive
46,77,34,9,2026-05-01 11:43:00,2026-05-01 12:36:00,dismissed_false_positive
47,78,59,16,2026-05-01 18:07:00,2026-05-01 18:59:00,escalated
48,79,43,12,2026-05-01 21:02:00,2026-05-01 22:13:00,dismissed_false_positive
49,81,37,11,2026-05-02 00:15:00,2026-05-02 01:17:00,dismissed_false_positive
50,82,63,17,2026-05-01 12:29:00,2026-05-01 12:52:00,dismissed_false_positive
51,85,59,16,2026-05-01 17:38:00,2026-05-01 18:11:00,dismissed_false_positive
52,86,56,16,2026-05-01 21:34:00,2026-05-01 22:47:00,dismissed_false_positive
53,88,48,13,2026-05-02 02:46:00,2026-05-02 03:41:00,dismissed_false_positive
54,89,10,4,2026-05-01 20:51:00,2026-05-01 21:12:00,remediated
55,90,2,1,2026-05-01 18:11:00,2026-05-01 18:48:00,escalated
56,92,71,19,2026-05-02 00:53:00,2026-05-02 01:22:00,escalated
57,93,7,3,2026-05-01 14:35:00,2026-05-01 15:48:00,dismissed_false_positive
58,94,36,10,2026-05-02 03:09:00,2026-05-02 04:06:00,remediated
59,95,39,11,2026-05-01 15:43:00,2026-05-01 17:31:00,escalated
60,96,34,9,2026-05-01 12:05:00,2026-05-01 13:02:00,dismissed_false_positive
61,97,56,16,2026-05-01 18:43:00,2026-05-01 20:09:00,remediated
62,98,38,11,2026-05-01 22:42:00,2026-05-02 00:27:00,escalated
63,100,3,1,2026-05-02 01:15:00,2026-05-02 02:22:00,dismissed_false_positive
64,101,59,16,2026-05-02 00:09:00,2026-05-02 00:26:00,dismissed_false_positive
65,103,35,10,2026-05-01 21:13:00,2026-05-01 23:10:00,remediated
66,104,16,5,2026-05-02 02:30:00,2026-05-02 03:24:00,dismissed_false_positive
67,105,29,8,2026-05-01 21:22:00,2026-05-01 22:39:00,escalated
68,106,13,5,2026-05-01 16:23:00,2026-05-01 17:28:00,dismissed_false_positive
69,108,55,15,2026-05-01 17:03:00,2026-05-01 17:52:00,dismissed_false_positive
70,109,22,7,2026-05-01 21:25:00,2026-05-01 22:18:00,remediated
71,110,48,13,2026-05-01 21:24:00,2026-05-01 21:41:00,escalated
72,111,37,11,2026-05-02 02:52:00,2026-05-02 03:51:00,remediated
73,113,32,9,2026-05-01 22:28:00,2026-05-01 23:11:00,escalated
74,116,35,10,2026-05-01 22:57:00,2026-05-02 00:35:00,escalated
75,118,5,2,2026-05-02 00:23:00,2026-05-02 01:19:00,remediated
76,120,49,13,2026-05-01 22:54:00,2026-05-01 23:13:00,remediated
77,123,70,19,2026-05-01 21:53:00,2026-05-01 23:42:00,dismissed_false_positive
78,124,10,4,2026-05-01 18:00:00,2026-05-01 18:38:00,remediated
79,128,13,5,2026-05-02 02:22:00,2026-05-02 02:27:00,escalated
80,129,36,10,2026-05-01 23:02:00,2026-05-02 00:43:00,escalated
81,131,33,9,2026-05-02 03:14:00,2026-05-02 04:57:00,remediated
82,132,29,8,2026-05-02 03:21:00,2026-05-02 03:23:00,dismissed_false_positive
83,133,34,9,2026-05-01 17:00:00,2026-05-01 18:01:00,remediated
84,135,54,15,2026-05-01 21:10:00,2026-05-01 21:15:00,dismissed_false_positive
85,136,10,4,2026-05-01 14:48:00,2026-05-01 16:14:00,escalated
86,139,30,9,2026-05-01 22:43:00,2026-05-01 23:14:00,dismissed_false_positive
87,140,67,18,2026-05-01 11:18:00,2026-05-01 13:07:00,dismissed_false_positive
88,141,72,20,2026-05-01 11:08:00,2026-05-01 12:49:00,escalated
89,142,25,7,2026-05-01 14:00:00,2026-05-01 15:41:00,escalated
90,143,15,5,2026-05-02 01:28:00,2026-05-02 01:32:00,remediated
91,144,70,19,2026-05-01 10:33:00,2026-05-01 12:08:00,dismissed_false_positive
92,145,59,16,2026-05-01 23:30:00,2026-05-02 00:28:00,escalated
93,146,63,17,2026-05-01 18:51:00,2026-05-01 20:40:00,dismissed_false_positive
94,147,52,15,2026-05-02 01:39:00,2026-05-02 01:48:00,remediated
95,148,67,18,2026-05-01 17:48:00,2026-05-01 18:44:00,remediated
96,149,12,4,2026-05-01 23:00:00,2026-05-01 23:30:00,dismissed_false_positive
97,150,50,14,2026-05-01 15:53:00,2026-05-01 16:41:00,remediated
98,151,56,16,2026-05-01 11:46:00,2026-05-01 13:22:00,escalated
99,152,6,2,2026-05-02 03:12:00,2026-05-02 03:58:00,escalated
100,153,50,14,2026-05-02 03:17:00,2026-05-02 03:31:00,escalated
101,154,57,16,2026-05-02 01:39:00,2026-05-02 02:27:00,remediated
102,156,72,20,2026-05-01 20:58:00,2026-05-01 22:28:00,dismissed_false_positive
103,158,45,13,2026-05-01 13:33:00,2026-05-01 14:01:00,dismissed_false_positive
104,160,71,19,2026-05-01 13:03:00,2026-05-01 14:23:00,remediated
105,161,33,9,2026-05-01 22:14:00,2026-05-01 23:08:00,dismissed_false_positive
106,162,43,12,2026-05-01 13:09:00,2026-05-01 14:12:00,escalated
107,163,4,2,2026-05-01 17:23:00,2026-05-01 17:51:00,remediated
108,164,36,10,2026-05-01 12:58:00,2026-05-01 13:21:00,remediated
109,167,39,11,2026-05-01 18:13:00,2026-05-01 18:51:00,remediated
110,168,73,20,2026-05-02 02:00:00,2026-05-02 02:14:00,remediated
111,169,8,3,2026-05-02 01:20:00,2026-05-02 02:03:00,remediated
112,170,62,17,2026-05-02 03:12:00,2026-05-02 04:35:00,remediated
113,172,7,3,2026-05-02 03:27:00,2026-05-02 05:05:00,escalated
114,173,73,20,2026-05-02 00:53:00,2026-05-02 01:54:00,dismissed_false_positive
115,174,34,9,2026-05-01 11:37:00,2026-05-01 12:37:00,dismissed_false_positive
116,176,64,17,2026-05-01 19:37:00,2026-05-01 20:51:00,escalated
117,177,62,17,2026-05-02 04:04:00,2026-05-02 06:00:00,dismissed_false_positive
118,178,9,3,2026-05-01 22:32:00,2026-05-01 23:29:00,dismissed_false_positive
119,179,42,12,2026-05-02 03:19:00,2026-05-02 04:03:00,escalated
120,181,47,13,2026-05-01 15:33:00,2026-05-01 16:58:00,remediated
121,182,36,10,2026-05-01 13:01:00,2026-05-01 14:24:00,dismissed_false_positive
122,183,61,17,2026-05-01 21:04:00,2026-05-01 21:51:00,dismissed_false_positive
123,184,57,16,2026-05-01 14:29:00,2026-05-01 16:18:00,remediated
124,186,72,20,2026-05-01 20:35:00,2026-05-01 22:22:00,escalated
125,187,20,6,2026-05-01 12:17:00,2026-05-01 12:48:00,dismissed_false_positive
126,188,53,15,2026-05-01 20:50:00,2026-05-01 22:31:00,dismissed_false_positive
127,189,23,7,2026-05-01 22:11:00,2026-05-01 23:51:00,dismissed_false_positive
128,190,25,7,2026-05-01 13:23:00,2026-05-01 15:15:00,dismissed_false_positive
129,194,2,1,2026-05-01 11:25:00,2026-05-01 12:15:00,remediated
130,196,13,5,2026-05-01 15:11:00,2026-05-01 16:49:00,escalated
131,198,68,18,2026-05-01 12:09:00,2026-05-01 12:16:00,remediated
132,199,52,15,2026-05-01 11:56:00,2026-05-01 13:17:00,escalated
133,200,36,10,2026-05-01 10:55:00,2026-05-01 11:19:00,escalated
134,201,63,17,2026-05-01 12:10:00,2026-05-01 12:16:00,escalated
135,202,2,1,2026-05-02 01:01:00,2026-05-02 02:26:00,escalated
136,203,37,11,2026-05-01 12:30:00,2026-05-01 13:53:00,remediated
137,205,9,3,2026-05-01 23:40:00,2026-05-01 23:46:00,remediated
138,209,38,11,2026-05-01 12:59:00,2026-05-01 14:35:00,dismissed_false_positive
139,210,47,13,2026-05-02 03:41:00,2026-05-02 04:29:00,escalated
140,211,50,14,2026-05-01 18:02:00,2026-05-01 18:16:00,remediated
141,212,55,15,2026-05-01 12:56:00,2026-05-01 14:30:00,dismissed_false_positive
142,213,51,14,2026-05-01 22:16:00,2026-05-01 23:08:00,dismissed_false_positive
143,214,17,6,2026-05-01 12:35:00,2026-05-01 13:06:00,escalated
144,217,63,17,2026-05-01 17:19:00,2026-05-01 17:34:00,remediated
145,218,60,16,2026-05-01 17:10:00,2026-05-01 18:41:00,dismissed_false_positive
146,221,39,11,2026-05-01 16:33:00,2026-05-01 18:28:00,dismissed_false_positive
147,222,19,6,2026-05-01 19:06:00,2026-05-01 20:48:00,remediated
148,223,44,12,2026-05-01 20:57:00,2026-05-01 21:14:00,escalated
149,224,8,3,2026-05-01 18:26:00,2026-05-01 19:19:00,escalated
150,225,8,3,2026-05-01 19:44:00,2026-05-01 21:24:00,escalated
151,227,62,17,2026-05-01 17:11:00,2026-05-01 18:42:00,remediated
152,228,8,3,2026-05-01 14:00:00,2026-05-01 15:19:00,escalated
153,231,1,1,2026-05-01 12:25:00,2026-05-01 13:39:00,dismissed_false_positive
154,232,2,1,2026-05-02 01:49:00,2026-05-02 02:51:00,remediated
155,234,20,6,2026-05-01 17:49:00,2026-05-01 19:07:00,remediated
156,235,43,12,2026-05-01 12:27:00,2026-05-01 13:08:00,remediated
157,236,27,8,2026-05-01 12:29:00,2026-05-01 14:20:00,escalated
158,237,39,11,2026-05-01 22:39:00,2026-05-01 23:43:00,escalated
159,238,56,16,2026-05-01 12:03:00,2026-05-01 12:31:00,escalated
160,239,60,16,2026-05-02 01:05:00,2026-05-02 02:54:00,remediated
161,240,43,12,2026-05-01 17:27:00,2026-05-01 18:39:00,remediated
162,242,72,20,2026-05-01 13:53:00,2026-05-01 14:37:00,escalated
163,243,14,5,2026-05-01 20:22:00,2026-05-01 20:27:00,remediated
164,245,62,17,2026-05-01 16:54:00,2026-05-01 18:29:00,dismissed_false_positive
165,246,68,18,2026-05-01 22:08:00,2026-05-01 22:56:00,dismissed_false_positive
166,249,70,19,2026-05-01 14:22:00,2026-05-01 14:54:00,remediated
167,250,21,7,2026-05-01 18:24:00,2026-05-01 19:53:00,remediated
168,251,56,16,2026-05-01 23:14:00,2026-05-01 23:56:00,escalated
169,252,20,6,2026-05-02 03:01:00,2026-05-02 04:40:00,escalated
170,256,58,16,2026-05-01 20:11:00,2026-05-01 21:53:00,escalated
171,259,8,3,2026-05-02 03:22:00,2026-05-02 04:24:00,remediated
172,262,62,17,2026-05-01 21:46:00,2026-05-01 22:29:00,escalated
173,263,3,1,2026-05-02 03:51:00,2026-05-02 05:44:00,dismissed_false_positive
174,265,9,3,2026-05-01 21:20:00,2026-05-01 23:09:00,remediated
175,267,5,2,2026-05-02 01:02:00,2026-05-02 02:54:00,dismissed_false_positive
176,271,37,11,2026-05-02 00:00:00,2026-05-02 00:24:00,remediated
177,273,63,17,2026-05-01 11:52:00,2026-05-01 12:10:00,dismissed_false_positive
178,275,38,11,2026-05-01 20:43:00,2026-05-01 22:12:00,remediated
179,276,35,10,2026-05-01 18:17:00,2026-05-01 20:15:00,dismissed_false_positive
180,277,16,5,2026-05-01 13:54:00,2026-05-01 14:42:00,dismissed_false_positive
181,279,72,20,2026-05-01 19:45:00,2026-05-01 19:55:00,escalated
182,280,62,17,2026-05-01 21:36:00,2026-05-01 22:43:00,dismissed_false_positive
183,282,53,15,2026-05-01 18:53:00,2026-05-01 20:05:00,dismissed_false_positive
184,284,25,7,2026-05-01 12:44:00,2026-05-01 12:53:00,escalated
185,285,8,3,2026-05-01 12:11:00,2026-05-01 12:29:00,escalated
186,286,51,14,2026-05-02 03:10:00,2026-05-02 05:07:00,dismissed_false_positive
187,287,66,18,2026-05-01 22:18:00,2026-05-01 23:09:00,escalated
188,288,2,1,2026-05-01 19:40:00,2026-05-01 20:10:00,remediated
189,289,21,7,2026-05-01 12:32:00,2026-05-01 14:26:00,remediated
190,290,72,20,2026-05-01 17:43:00,2026-05-01 18:35:00,dismissed_false_positive
191,291,15,5,2026-05-01 15:38:00,2026-05-01 17:05:00,dismissed_false_positive
192,292,62,17,2026-05-01 18:15:00,2026-05-01 19:31:00,escalated
193,294,49,13,2026-05-01 16:05:00,2026-05-01 16:54:00,remediated
194,295,57,16,2026-05-02 02:00:00,2026-05-02 02:19:00,dismissed_false_positive
195,296,68,18,2026-05-02 02:49:00,2026-05-02 03:39:00,remediated
196,297,8,3,2026-05-02 02:00:00,2026-05-02 03:47:00,remediated
197,298,72,20,2026-05-02 02:32:00,2026-05-02 03:48:00,escalated
198,299,24,7,2026-05-01 15:30:00,2026-05-01 15:32:00,remediated
199,302,36,10,2026-05-01 18:44:00,2026-05-01 19:50:00,dismissed_false_positive
200,303,58,16,2026-05-02 02:29:00,2026-05-02 02:35:00,escalated
201,304,13,5,2026-05-01 14:53:00,2026-05-01 15:36:00,remediated
202,305,60,16,2026-05-01 22:56:00,2026-05-01 23:59:00,escalated
203,306,59,16,2026-05-01 14:25:00,2026-05-01 15:35:00,dismissed_false_positive
204,309,26,8,2026-05-01 23:09:00,2026-05-02 00:08:00,dismissed_false_positive
205,310,73,20,2026-05-01 22:24:00,2026-05-01 23:35:00,dismissed_false_positive
206,311,34,9,2026-05-02 04:25:00,2026-05-02 05:55:00,escalated
207,312,10,4,2026-05-01 20:16:00,2026-05-01 21:24:00,dismissed_false_positive
208,314,53,15,2026-05-01 23:39:00,2026-05-02 01:28:00,remediated
209,315,4,2,2026-05-01 17:56:00,2026-05-01 18:04:00,escalated
210,316,59,16,2026-05-01 22:50:00,2026-05-01 23:03:00,escalated
211,317,27,8,2026-05-02 03:21:00,2026-05-02 03:31:00,escalated
212,318,65,18,2026-05-01 13:30:00,2026-05-01 14:46:00,remediated
213,320,70,19,2026-05-01 23:08:00,2026-05-01 23:26:00,escalated
214,321,63,17,2026-05-01 12:42:00,2026-05-01 12:52:00,dismissed_false_positive
215,322,73,20,2026-05-02 03:07:00,2026-05-02 04:48:00,dismissed_false_positive
216,323,48,13,2026-05-01 14:30:00,2026-05-01 15:08:00,remediated
217,324,8,3,2026-05-01 13:59:00,2026-05-01 14:19:00,escalated
218,325,7,3,2026-05-02 03:43:00,2026-05-02 04:18:00,remediated
219,326,55,15,2026-05-01 12:56:00,2026-05-01 13:08:00,escalated
220,329,18,6,2026-05-01 14:54:00,2026-05-01 15:03:00,remediated
221,331,60,16,2026-05-01 20:49:00,2026-05-01 21:28:00,remediated
222,332,39,11,2026-05-01 17:25:00,2026-05-01 19:10:00,escalated
223,333,15,5,2026-05-01 15:51:00,2026-05-01 16:42:00,dismissed_false_positive
224,334,60,16,2026-05-01 23:56:00,2026-05-02 01:41:00,dismissed_false_positive
225,338,8,3,2026-05-01 22:08:00,2026-05-01 22:39:00,dismissed_false_positive
226,340,60,16,2026-05-01 18:32:00,2026-05-01 19:19:00,escalated
227,343,47,13,2026-05-02 02:41:00,2026-05-02 03:15:00,remediated
228,344,71,19,2026-05-01 20:40:00,2026-05-01 21:40:00,escalated
229,345,40,12,2026-05-01 20:12:00,2026-05-01 20:23:00,remediated
230,346,15,5,2026-05-01 15:46:00,2026-05-01 16:53:00,dismissed_false_positive
231,347,54,15,2026-05-01 12:39:00,2026-05-01 12:54:00,remediated
232,349,27,8,2026-05-01 20:20:00,2026-05-01 21:20:00,remediated
233,350,18,6,2026-05-01 22:30:00,2026-05-01 23:49:00,remediated
234,351,3,1,2026-05-01 15:10:00,2026-05-01 16:54:00,remediated
235,352,19,6,2026-05-01 16:07:00,2026-05-01 17:33:00,dismissed_false_positive
236,353,73,20,2026-05-01 21:10:00,2026-05-01 21:56:00,dismissed_false_positive
237,354,35,10,2026-05-01 21:59:00,2026-05-01 22:39:00,remediated
238,357,58,16,2026-05-01 13:21:00,2026-05-01 14:41:00,remediated
239,359,68,18,2026-05-01 18:46:00,2026-05-01 19:43:00,dismissed_false_positive
240,360,28,8,2026-05-01 11:10:00,2026-05-01 11:32:00,dismissed_false_positive
241,361,65,18,2026-05-01 20:56:00,2026-05-01 22:42:00,dismissed_false_positive
242,363,28,8,2026-05-02 01:40:00,2026-05-02 03:31:00,remediated
243,366,21,7,2026-05-01 21:00:00,2026-05-01 22:09:00,remediated
244,367,36,10,2026-05-02 03:52:00,2026-05-02 05:33:00,dismissed_false_positive
245,368,31,9,2026-05-01 23:30:00,2026-05-02 00:12:00,remediated
246,369,48,13,2026-05-01 13:14:00,2026-05-01 14:12:00,remediated
247,370,8,3,2026-05-01 20:40:00,2026-05-01 21:28:00,dismissed_false_positive
248,374,58,16,2026-05-01 16:44:00,2026-05-01 17:01:00,escalated
249,375,39,11,2026-05-02 00:21:00,2026-05-02 02:02:00,dismissed_false_positive
250,376,55,15,2026-05-01 11:29:00,2026-05-01 13:26:00,remediated
251,377,35,10,2026-05-02 01:42:00,2026-05-02 02:15:00,remediated
252,378,17,6,2026-05-01 18:22:00,2026-05-01 18:52:00,dismissed_false_positive
253,379,10,4,2026-05-01 14:54:00,2026-05-01 15:23:00,escalated
254,381,50,14,2026-05-01 18:21:00,2026-05-01 19:55:00,remediated
255,387,47,13,2026-05-02 02:44:00,2026-05-02 03:16:00,dismissed_false_positive
256,390,35,10,2026-05-01 23:37:00,2026-05-02 00:08:00,dismissed_false_positive
257,392,37,11,2026-05-01 18:04:00,2026-05-01 18:27:00,dismissed_false_positive
258,393,7,3,2026-05-01 20:29:00,2026-05-01 20:35:00,remediated
259,394,49,13,2026-05-01 15:45:00,2026-05-01 15:56:00,escalated
260,395,30,9,2026-05-01 15:44:00,2026-05-01 17:28:00,remediated
261,396,8,3,2026-05-01 23:44:00,2026-05-02 00:15:00,remediated
262,397,11,4,2026-05-01 22:01:00,2026-05-01 23:26:00,escalated
263,399,63,17,2026-05-01 14:30:00,2026-05-01 16:22:00,dismissed_false_positive
264,400,10,4,2026-05-01 15:52:00,2026-05-01 16:26:00,escalated
265,401,8,3,2026-05-01 19:36:00,2026-05-01 20:49:00,remediated
266,402,71,19,2026-05-01 23:26:00,2026-05-01 23:27:00,remediated
267,403,1,1,2026-05-01 12:45:00,2026-05-01 13:05:00,remediated
268,404,6,2,2026-05-02 00:14:00,2026-05-02 01:08:00,escalated
269,405,70,19,2026-05-01 13:45:00,2026-05-01 14:52:00,remediated
270,407,36,10,2026-05-01 11:54:00,2026-05-01 12:32:00,escalated
271,408,72,20,2026-05-01 18:59:00,2026-05-01 20:38:00,remediated
272,410,1,1,2026-05-01 20:43:00,2026-05-01 22:36:00,remediated
273,411,3,1,2026-05-01 17:33:00,2026-05-01 18:04:00,dismissed_false_positive
274,413,64,17,2026-05-01 23:33:00,2026-05-01 23:44:00,escalated
275,414,45,13,2026-05-01 20:23:00,2026-05-01 20:54:00,dismissed_false_positive
276,415,38,11,2026-05-01 18:09:00,2026-05-01 18:27:00,escalated
277,416,55,15,2026-05-01 16:07:00,2026-05-01 17:46:00,remediated
278,418,72,20,2026-05-01 15:12:00,2026-05-01 15:44:00,dismissed_false_positive
279,419,36,10,2026-05-02 00:51:00,2026-05-02 02:41:00,dismissed_false_positive
280,420,11,4,2026-05-01 11:52:00,2026-05-01 13:39:00,remediated
281,423,53,15,2026-05-01 12:34:00,2026-05-01 12:41:00,remediated
282,424,51,14,2026-05-01 19:23:00,2026-05-01 19:46:00,dismissed_false_positive
283,425,33,9,2026-05-02 02:24:00,2026-05-02 03:43:00,remediated
284,426,59,16,2026-05-02 01:39:00,2026-05-02 02:29:00,remediated
285,427,26,8,2026-05-01 18:12:00,2026-05-01 19:15:00,dismissed_false_positive
286,428,63,17,2026-05-01 17:18:00,2026-05-01 18:35:00,remediated
287,432,29,8,2026-05-01 17:19:00,2026-05-01 18:00:00,escalated
288,435,60,16,2026-05-01 15:28:00,2026-05-01 15:36:00,remediated
289,436,3,1,2026-05-01 19:28:00,2026-05-01 19:54:00,remediated
290,438,63,17,2026-05-02 03:48:00,2026-05-02 04:39:00,escalated
291,440,58,16,2026-05-01 14:14:00,2026-05-01 15:59:00,remediated
292,442,70,19,2026-05-02 01:12:00,2026-05-02 03:10:00,escalated
293,443,57,16,2026-05-01 16:20:00,2026-05-01 16:42:00,escalated
294,444,9,3,2026-05-01 22:00:00,2026-05-01 22:27:00,remediated
295,447,51,14,2026-05-02 01:51:00,2026-05-02 02:04:00,dismissed_false_positive
296,448,71,19,2026-05-01 23:06:00,2026-05-02 00:49:00,remediated
297,450,17,6,2026-05-01 20:39:00,2026-05-01 22:34:00,dismissed_false_positive
298,451,50,14,2026-05-01 20:34:00,2026-05-01 21:17:00,remediated
299,452,51,14,2026-05-01 21:29:00,2026-05-01 21:36:00,dismissed_false_positive
300,453,13,5,2026-05-01 16:47:00,2026-05-01 18:33:00,escalated
301,454,57,16,2026-05-01 13:01:00,2026-05-01 13:39:00,remediated
302,455,48,13,2026-05-01 19:30:00,2026-05-01 20:20:00,remediated
303,456,20,6,2026-05-01 11:19:00,2026-05-01 11:48:00,dismissed_false_positive
304,459,64,17,2026-05-02 02:59:00,2026-05-02 04:00:00,dismissed_false_positive
305,460,6,2,2026-05-01 21:21:00,2026-05-01 22:19:00,remediated
306,461,18,6,2026-05-02 00:42:00,2026-05-02 00:53:00,escalated
307,462,15,5,2026-05-01 16:39:00,2026-05-01 17:30:00,escalated
308,463,52,15,2026-05-01 23:45:00,2026-05-02 00:04:00,escalated
309,465,67,18,2026-05-02 02:22:00,2026-05-02 03:25:00,escalated
310,466,4,2,2026-05-01 16:00:00,2026-05-01 17:28:00,escalated
311,468,40,12,2026-05-01 17:33:00,2026-05-01 18:36:00,escalated
312,470,38,11,2026-05-01 22:38:00,2026-05-01 23:03:00,dismissed_false_positive
313,472,62,17,2026-05-01 11:59:00,2026-05-01 12:17:00,escalated
314,475,23,7,2026-05-01 17:39:00,2026-05-01 19:38:00,remediated
315,476,28,8,2026-05-01 20:12:00,2026-05-01 21:13:00,escalated
316,477,30,9,2026-05-01 15:12:00,2026-05-01 17:02:00,escalated
317,481,72,20,2026-05-01 14:29:00,2026-05-01 16:01:00,escalated
318,482,51,14,2026-05-02 01:00:00,2026-05-02 02:00:00,dismissed_false_positive
319,483,73,20,2026-05-01 21:23:00,2026-05-01 23:11:00,dismissed_false_positive
320,484,36,10,2026-05-01 22:24:00,2026-05-01 23:00:00,escalated
321,486,73,20,2026-05-01 22:49:00,2026-05-01 22:53:00,escalated
322,490,66,18,2026-05-01 16:35:00,2026-05-01 17:09:00,escalated
323,491,19,6,2026-05-01 21:39:00,2026-05-01 23:15:00,dismissed_false_positive
324,492,42,12,2026-05-01 20:15:00,2026-05-01 21:16:00,remediated
325,493,71,19,2026-05-02 02:31:00,2026-05-02 03:36:00,remediated
326,494,49,13,2026-05-01 16:55:00,2026-05-01 17:15:00,remediated
327,495,38,11,2026-05-01 21:34:00,2026-05-01 23:06:00,remediated
328,496,58,16,2026-05-01 20:54:00,2026-05-01 20:55:00,dismissed_false_positive
329,497,69,19,2026-05-01 19:17:00,2026-05-01 20:39:00,dismissed_false_positive
330,499,2,1,2026-05-01 22:56:00,2026-05-02 00:17:00,escalated
331,500,35,10,2026-05-01 12:25:00,2026-05-01 12:47:00,remediated
332,501,36,10,2026-05-01 19:14:00,2026-05-01 19:32:00,dismissed_false_positive
333,502,58,16,2026-05-02 00:45:00,2026-05-02 02:43:00,dismissed_false_positive
334,504,17,6,2026-05-01 17:37:00,2026-05-01 18:10:00,escalated
335,506,1,1,2026-05-01 22:35:00,2026-05-01 22:51:00,escalated
336,507,21,7,2026-05-01 16:33:00,2026-05-01 17:40:00,dismissed_false_positive
337,508,16,5,2026-05-02 01:30:00,2026-05-02 01:46:00,dismissed_false_positive
338,510,23,7,2026-05-01 22:06:00,2026-05-01 23:17:00,dismissed_false_positive
339,511,58,16,2026-05-01 14:12:00,2026-05-01 16:09:00,remediated
340,514,29,8,2026-05-02 02:47:00,2026-05-02 03:00:00,remediated
341,515,36,10,2026-05-01 23:55:00,2026-05-02 00:08:00,remediated
342,517,30,9,2026-05-01 17:13:00,2026-05-01 18:05:00,dismissed_false_positive
343,518,59,16,2026-05-01 22:34:00,2026-05-02 00:07:00,remediated
344,521,72,20,2026-05-02 01:46:00,2026-05-02 02:01:00,dismissed_false_positive
345,523,39,11,2026-05-01 20:29:00,2026-05-01 21:01:00,dismissed_false_positive
346,524,46,13,2026-05-02 02:19:00,2026-05-02 02:40:00,escalated
347,525,57,16,2026-05-01 11:59:00,2026-05-01 12:35:00,remediated
348,526,48,13,2026-05-02 00:53:00,2026-05-02 02:36:00,escalated
349,527,54,15,2026-05-01 12:04:00,2026-05-01 12:18:00,dismissed_false_positive
350,531,39,11,2026-05-01 23:52:00,2026-05-02 01:24:00,dismissed_false_positive
351,533,36,10,2026-05-01 22:20:00,2026-05-01 23:24:00,remediated
352,534,50,14,2026-05-01 16:20:00,2026-05-01 18:10:00,dismissed_false_positive
353,535,37,11,2026-05-02 00:17:00,2026-05-02 02:05:00,escalated
354,536,53,15,2026-05-02 04:01:00,2026-05-02 04:08:00,escalated
355,538,18,6,2026-05-01 13:04:00,2026-05-01 14:57:00,dismissed_false_positive
356,540,36,10,2026-05-02 01:02:00,2026-05-02 02:32:00,escalated
357,541,67,18,2026-05-01 23:28:00,2026-05-02 01:00:00,dismissed_false_positive
358,542,14,5,2026-05-01 20:13:00,2026-05-01 20:59:00,escalated
359,544,61,17,2026-05-01 11:51:00,2026-05-01 11:59:00,remediated
360,546,35,10,2026-05-01 23:49:00,2026-05-02 00:03:00,escalated
361,547,66,18,2026-05-02 00:21:00,2026-05-02 02:03:00,escalated
362,549,4,2,2026-05-02 00:33:00,2026-05-02 02:13:00,dismissed_false_positive
363,553,11,4,2026-05-01 11:15:00,2026-05-01 11:32:00,remediated
364,554,38,11,2026-05-02 00:05:00,2026-05-02 00:47:00,escalated
365,555,73,20,2026-05-01 19:53:00,2026-05-01 20:34:00,escalated
366,556,9,3,2026-05-01 13:35:00,2026-05-01 13:47:00,dismissed_false_positive
367,557,38,11,2026-05-01 17:46:00,2026-05-01 19:06:00,escalated
368,558,1,1,2026-05-01 23:20:00,2026-05-02 00:43:00,escalated
369,559,26,8,2026-05-01 23:20:00,2026-05-01 23:35:00,dismissed_false_positive
370,560,3,1,2026-05-02 01:07:00,2026-05-02 02:05:00,dismissed_false_positive
371,562,17,6,2026-05-01 22:02:00,2026-05-01 23:42:00,remediated
372,563,50,14,2026-05-01 13:40:00,2026-05-01 15:16:00,escalated
373,564,37,11,2026-05-01 13:11:00,2026-05-01 13:44:00,escalated
374,565,33,9,2026-05-01 17:33:00,2026-05-01 18:14:00,remediated
375,567,69,19,2026-05-01 23:02:00,2026-05-01 23:16:00,dismissed_false_positive
376,568,35,10,2026-05-01 16:34:00,2026-05-01 17:59:00,remediated
377,571,3,1,2026-05-02 00:56:00,2026-05-02 02:10:00,escalated
378,572,35,10,2026-05-02 00:42:00,2026-05-02 02:05:00,escalated
379,573,73,20,2026-05-01 15:01:00,2026-05-01 16:14:00,remediated
380,574,68,18,2026-05-01 21:09:00,2026-05-01 21:42:00,remediated
381,575,38,11,2026-05-01 13:31:00,2026-05-01 13:40:00,remediated
382,577,42,12,2026-05-02 03:02:00,2026-05-02 03:34:00,remediated
383,578,51,14,2026-05-02 01:54:00,2026-05-02 02:37:00,dismissed_false_positive
384,584,67,18,2026-05-01 19:36:00,2026-05-01 20:23:00,dismissed_false_positive
385,585,35,10,2026-05-01 19:00:00,2026-05-01 19:02:00,escalated
386,586,18,6,2026-05-01 18:49:00,2026-05-01 20:14:00,remediated
387,588,26,8,2026-05-01 15:56:00,2026-05-01 16:23:00,escalated
388,591,63,17,2026-05-02 01:27:00,2026-05-02 01:50:00,dismissed_false_positive
389,592,44,12,2026-05-01 21:58:00,2026-05-01 23:55:00,remediated
390,593,59,16,2026-05-02 01:26:00,2026-05-02 02:23:00,remediated
391,594,31,9,2026-05-01 13:51:00,2026-05-01 15:23:00,remediated
392,595,51,14,2026-05-01 23:19:00,2026-05-02 00:21:00,remediated
393,600,35,10,2026-05-01 14:42:00,2026-05-01 16:34:00,dismissed_false_positive
394,603,72,20,2026-05-01 14:09:00,2026-05-01 14:12:00,remediated
395,604,50,14,2026-05-01 22:16:00,2026-05-01 23:35:00,escalated
396,605,61,17,2026-05-01 13:31:00,2026-05-01 14:49:00,escalated
397,608,47,13,2026-05-01 20:36:00,2026-05-01 21:38:00,remediated
398,609,8,3,2026-05-01 20:13:00,2026-05-01 21:44:00,escalated
399,610,71,19,2026-05-01 12:27:00,2026-05-01 13:56:00,dismissed_false_positive
400,611,51,14,2026-05-01 15:46:00,2026-05-01 16:22:00,escalated
401,612,68,18,2026-05-01 14:05:00,2026-05-01 14:38:00,dismissed_false_positive
402,614,53,15,2026-05-01 13:23:00,2026-05-01 14:07:00,escalated
403,616,16,5,2026-05-02 02:22:00,2026-05-02 02:51:00,dismissed_false_positive
404,617,48,13,2026-05-01 21:45:00,2026-05-01 21:53:00,remediated
405,618,52,15,2026-05-01 15:07:00,2026-05-01 16:24:00,escalated
406,620,17,6,2026-05-01 15:33:00,2026-05-01 16:25:00,escalated
407,621,7,3,2026-05-01 20:34:00,2026-05-01 22:32:00,escalated
408,622,27,8,2026-05-01 18:19:00,2026-05-01 18:42:00,dismissed_false_positive
409,624,34,9,2026-05-02 00:41:00,2026-05-02 01:54:00,dismissed_false_positive
410,626,2,1,2026-05-01 13:21:00,2026-05-01 15:02:00,remediated
411,627,28,8,2026-05-01 17:04:00,2026-05-01 18:34:00,dismissed_false_positive
412,628,37,11,2026-05-01 20:13:00,2026-05-01 20:41:00,escalated
413,629,24,7,2026-05-01 23:05:00,2026-05-02 00:57:00,dismissed_false_positive
414,630,73,20,2026-05-01 12:50:00,2026-05-01 14:17:00,escalated
415,631,5,2,2026-05-01 18:13:00,2026-05-01 20:08:00,escalated
416,632,57,16,2026-05-02 00:39:00,2026-05-02 01:53:00,remediated
417,633,60,16,2026-05-01 12:01:00,2026-05-01 13:41:00,remediated
418,634,64,17,2026-05-01 15:50:00,2026-05-01 16:39:00,escalated
419,635,31,9,2026-05-01 20:22:00,2026-05-01 21:41:00,dismissed_false_positive
420,636,24,7,2026-05-01 22:49:00,2026-05-01 23:25:00,dismissed_false_positive
421,638,68,18,2026-05-02 02:19:00,2026-05-02 03:54:00,remediated
422,640,36,10,2026-05-01 21:04:00,2026-05-01 21:25:00,remediated
423,641,11,4,2026-05-01 23:29:00,2026-05-02 00:41:00,escalated
424,642,32,9,2026-05-01 12:12:00,2026-05-01 13:39:00,escalated
425,643,66,18,2026-05-02 00:46:00,2026-05-02 01:52:00,dismissed_false_positive
426,644,52,15,2026-05-01 16:49:00,2026-05-01 18:41:00,remediated
427,646,7,3,2026-05-01 13:26:00,2026-05-01 14:50:00,dismissed_false_positive
428,648,44,12,2026-05-01 19:17:00,2026-05-01 21:07:00,remediated
429,649,30,9,2026-05-01 13:48:00,2026-05-01 13:57:00,dismissed_false_positive
430,650,61,17,2026-05-01 11:57:00,2026-05-01 13:21:00,dismissed_false_positive
431,651,36,10,2026-05-01 22:29:00,2026-05-01 22:51:00,remediated
432,652,59,16,2026-05-02 02:56:00,2026-05-02 04:26:00,escalated
433,654,60,16,2026-05-01 14:39:00,2026-05-01 15:32:00,dismissed_false_positive
434,655,62,17,2026-05-01 15:54:00,2026-05-01 17:23:00,dismissed_false_positive
435,657,72,20,2026-05-02 00:00:00,2026-05-02 00:53:00,escalated
436,658,48,13,2026-05-01 15:06:00,2026-05-01 15:37:00,escalated
437,659,73,20,2026-05-01 16:41:00,2026-05-01 16:50:00,remediated
438,660,55,15,2026-05-01 14:41:00,2026-05-01 15:01:00,remediated
439,661,1,1,2026-05-02 02:52:00,2026-05-02 04:24:00,dismissed_false_positive
440,662,26,8,2026-05-01 13:18:00,2026-05-01 14:12:00,dismissed_false_positive
441,663,58,16,2026-05-01 19:42:00,2026-05-01 21:19:00,remediated
442,664,9,3,2026-05-01 19:49:00,2026-05-01 20:22:00,dismissed_false_positive
443,666,53,15,2026-05-02 00:10:00,2026-05-02 01:49:00,remediated
444,667,47,13,2026-05-02 03:32:00,2026-05-02 03:38:00,escalated
445,668,61,17,2026-05-01 14:45:00,2026-05-01 15:32:00,remediated
446,669,21,7,2026-05-01 14:23:00,2026-05-01 16:05:00,dismissed_false_positive
447,670,1,1,2026-05-01 20:15:00,2026-05-01 21:03:00,remediated
448,671,73,20,2026-05-02 03:16:00,2026-05-02 03:36:00,escalated
449,673,53,15,2026-05-01 10:39:00,2026-05-01 11:12:00,remediated
450,674,36,10,2026-05-01 13:56:00,2026-05-01 15:30:00,dismissed_false_positive
451,675,66,18,2026-05-01 12:55:00,2026-05-01 13:29:00,escalated
452,677,73,20,2026-05-01 23:23:00,2026-05-02 00:48:00,escalated
453,679,15,5,2026-05-01 15:45:00,2026-05-01 15:58:00,escalated
454,680,4,2,2026-05-01 14:05:00,2026-05-01 14:30:00,remediated
455,681,60,16,2026-05-01 21:07:00,2026-05-01 22:25:00,escalated
456,682,56,16,2026-05-01 19:35:00,2026-05-01 21:29:00,dismissed_false_positive
457,685,10,4,2026-05-01 22:47:00,2026-05-01 23:12:00,escalated
458,688,70,19,2026-05-01 22:25:00,2026-05-02 00:19:00,remediated
459,689,49,13,2026-05-01 17:02:00,2026-05-01 17:59:00,dismissed_false_positive
460,690,67,18,2026-05-02 01:47:00,2026-05-02 02:43:00,escalated
461,691,66,18,2026-05-01 17:22:00,2026-05-01 18:20:00,dismissed_false_positive
462,693,35,10,2026-05-01 15:48:00,2026-05-01 15:51:00,escalated
463,694,66,18,2026-05-01 11:56:00,2026-05-01 12:14:00,dismissed_false_positive
464,695,28,8,2026-05-02 00:42:00,2026-05-02 01:55:00,remediated
465,697,69,19,2026-05-01 21:53:00,2026-05-01 23:07:00,dismissed_false_positive
466,699,26,8,2026-05-01 21:57:00,2026-05-01 22:03:00,dismissed_false_positive
467,701,48,13,2026-05-01 23:28:00,2026-05-02 01:09:00,dismissed_false_positive
468,702,60,16,2026-05-01 23:17:00,2026-05-01 23:28:00,dismissed_false_positive
469,703,14,5,2026-05-01 19:36:00,2026-05-01 20:50:00,remediated
470,705,39,11,2026-05-02 02:39:00,2026-05-02 03:34:00,dismissed_false_positive
471,706,72,20,2026-05-01 23:53:00,2026-05-02 01:12:00,dismissed_false_positive
472,707,52,15,2026-05-02 02:34:00,2026-05-02 02:54:00,escalated
473,709,15,5,2026-05-01 10:29:00,2026-05-01 11:09:00,dismissed_false_positive
474,710,66,18,2026-05-01 14:48:00,2026-05-01 16:22:00,remediated
475,711,2,1,2026-05-01 20:04:00,2026-05-01 20:41:00,remediated
476,712,73,20,2026-05-01 10:56:00,2026-05-01 11:05:00,dismissed_false_positive
477,715,60,16,2026-05-01 20:09:00,2026-05-01 21:08:00,escalated
478,716,1,1,2026-05-01 15:04:00,2026-05-01 16:40:00,remediated
479,720,13,5,2026-05-01 23:54:00,2026-05-02 01:13:00,escalated
480,721,50,14,2026-05-01 20:26:00,2026-05-01 22:23:00,escalated
481,726,38,11,2026-05-02 04:00:00,2026-05-02 06:00:00,escalated
482,727,31,9,2026-05-01 23:41:00,2026-05-01 23:45:00,escalated
483,728,72,20,2026-05-01 20:14:00,2026-05-01 21:00:00,remediated
484,729,57,16,2026-05-01 19:22:00,2026-05-01 19:46:00,dismissed_false_positive
485,731,2,1,2026-05-02 03:39:00,2026-05-02 04:05:00,remediated
486,734,47,13,2026-05-01 17:41:00,2026-05-01 18:40:00,remediated
487,736,61,17,2026-05-01 15:08:00,2026-05-01 15:47:00,dismissed_false_positive
488,737,72,20,2026-05-01 23:09:00,2026-05-02 00:07:00,remediated
489,738,10,4,2026-05-01 23:59:00,2026-05-02 00:57:00,remediated
490,739,24,7,2026-05-01 12:56:00,2026-05-01 14:53:00,escalated
491,740,10,4,2026-05-01 12:07:00,2026-05-01 13:15:00,escalated
492,741,72,20,2026-05-01 16:49:00,2026-05-01 18:46:00,dismissed_false_positive
493,742,18,6,2026-05-01 13:43:00,2026-05-01 15:17:00,dismissed_false_positive
494,743,14,5,2026-05-01 11:07:00,2026-05-01 12:57:00,dismissed_false_positive
495,744,57,16,2026-05-01 14:39:00,2026-05-01 14:50:00,escalated
496,745,28,8,2026-05-01 20:53:00,2026-05-01 21:01:00,escalated
497,747,4,2,2026-05-01 17:43:00,2026-05-01 19:02:00,escalated
498,748,72,20,2026-05-02 03:16:00,2026-05-02 05:16:00,remediated
499,750,65,18,2026-05-01 16:28:00,2026-05-01 18:19:00,dismissed_false_positive
500,751,22,7,2026-05-01 22:00:00,2026-05-01 23:21:00,escalated
501,752,60,16,2026-05-02 03:45:00,2026-05-02 04:26:00,dismissed_false_positive
502,753,16,5,2026-05-01 19:16:00,2026-05-01 21:10:00,escalated
503,754,1,1,2026-05-01 10:40:00,2026-05-01 12:15:00,remediated
504,755,51,14,2026-05-01 12:30:00,2026-05-01 13:52:00,remediated
505,756,36,10,2026-05-02 00:34:00,2026-05-02 01:45:00,dismissed_false_positive
506,757,12,4,2026-05-01 16:54:00,2026-05-01 18:13:00,remediated
507,762,6,2,2026-05-01 15:09:00,2026-05-01 15:36:00,escalated
508,763,40,12,2026-05-02 02:36:00,2026-05-02 03:20:00,dismissed_false_positive
509,765,36,10,2026-05-01 22:18:00,2026-05-01 23:22:00,remediated
510,766,25,7,2026-05-01 16:50:00,2026-05-01 16:55:00,remediated
511,768,14,5,2026-05-01 16:56:00,2026-05-01 17:36:00,dismissed_false_positive
512,769,62,17,2026-05-01 15:02:00,2026-05-01 16:53:00,escalated
513,771,12,4,2026-05-02 00:42:00,2026-05-02 01:22:00,escalated
514,772,37,11,2026-05-01 13:58:00,2026-05-01 15:37:00,dismissed_false_positive
515,773,31,9,2026-05-01 14:01:00,2026-05-01 15:13:00,escalated
516,775,35,10,2026-05-01 14:50:00,2026-05-01 15:34:00,escalated
517,776,56,16,2026-05-01 12:43:00,2026-05-01 13:34:00,remediated
518,777,71,19,2026-05-02 00:56:00,2026-05-02 01:39:00,remediated
519,778,65,18,2026-05-02 02:49:00,2026-05-02 04:34:00,escalated
520,779,55,15,2026-05-01 15:52:00,2026-05-01 17:11:00,dismissed_false_positive
521,781,38,11,2026-05-01 18:34:00,2026-05-01 19:19:00,dismissed_false_positive
522,782,44,12,2026-05-01 20:40:00,2026-05-01 22:25:00,escalated
523,784,68,18,2026-05-01 17:22:00,2026-05-01 18:33:00,remediated
524,786,70,19,2026-05-02 00:07:00,2026-05-02 01:17:00,escalated
525,787,9,3,2026-05-02 03:10:00,2026-05-02 04:10:00,dismissed_false_positive
526,788,19,6,2026-05-02 02:32:00,2026-05-02 04:00:00,escalated
527,789,47,13,2026-05-01 20:11:00,2026-05-01 20:29:00,escalated
528,790,1,1,2026-05-01 21:54:00,2026-05-01 22:44:00,escalated
529,794,5,2,2026-05-02 02:34:00,2026-05-02 04:20:00,dismissed_false_positive
530,795,29,8,2026-05-01 23:31:00,2026-05-02 00:20:00,dismissed_false_positive
531,801,73,20,2026-05-01 21:33:00,2026-05-01 22:44:00,dismissed_false_positive
532,803,28,8,2026-05-01 17:05:00,2026-05-01 18:18:00,dismissed_false_positive
533,804,12,4,2026-05-01 19:47:00,2026-05-01 20:55:00,dismissed_false_positive
534,805,72,20,2026-05-01 15:36:00,2026-05-01 17:02:00,remediated
535,807,65,18,2026-05-01 19:01:00,2026-05-01 20:15:00,escalated
536,808,35,10,2026-05-01 11:49:00,2026-05-01 12:23:00,remediated
537,810,35,10,2026-05-01 15:58:00,2026-05-01 16:08:00,dismissed_false_positive
538,812,71,19,2026-05-01 12:57:00,2026-05-01 13:31:00,escalated
539,815,29,8,2026-05-01 23:57:00,2026-05-02 01:45:00,dismissed_false_positive
540,816,4,2,2026-05-01 18:56:00,2026-05-01 20:32:00,escalated
541,817,48,13,2026-05-01 15:24:00,2026-05-01 15:26:00,dismissed_false_positive
542,820,51,14,2026-05-01 15:56:00,2026-05-01 16:29:00,escalated
543,821,27,8,2026-05-01 19:16:00,2026-05-01 19:57:00,escalated
544,823,41,12,2026-05-01 22:27:00,2026-05-01 22:31:00,escalated
545,825,10,4,2026-05-02 02:14:00,2026-05-02 04:10:00,escalated
546,826,19,6,2026-05-01 15:11:00,2026-05-01 16:33:00,dismissed_false_positive
547,827,33,9,2026-05-01 23:28:00,2026-05-01 23:38:00,dismissed_false_positive
548,828,48,13,2026-05-01 17:25:00,2026-05-01 17:59:00,remediated
549,829,73,20,2026-05-01 14:12:00,2026-05-01 15:51:00,dismissed_false_positive
550,830,54,15,2026-05-01 12:59:00,2026-05-01 14:33:00,dismissed_false_positive
551,833,69,19,2026-05-01 19:39:00,2026-05-01 21:28:00,escalated
552,834,9,3,2026-05-01 15:20:00,2026-05-01 17:05:00,dismissed_false_positive
553,835,39,11,2026-05-01 16:33:00,2026-05-01 16:45:00,dismissed_false_positive
554,836,54,15,2026-05-01 21:09:00,2026-05-01 21:59:00,escalated
555,837,12,4,2026-05-01 23:39:00,2026-05-02 01:00:00,dismissed_false_positive
556,839,69,19,2026-05-01 19:30:00,2026-05-01 20:53:00,dismissed_false_positive
557,840,1,1,2026-05-01 17:20:00,2026-05-01 17:26:00,dismissed_false_positive
558,842,26,8,2026-05-01 10:40:00,2026-05-01 11:41:00,escalated
559,845,7,3,2026-05-01 13:15:00,2026-05-01 13:44:00,remediated
560,846,51,14,2026-05-02 01:18:00,2026-05-02 02:32:00,escalated
561,847,6,2,2026-05-01 13:33:00,2026-05-01 13:52:00,dismissed_false_positive
562,848,20,6,2026-05-01 15:51:00,2026-05-01 17:40:00,escalated
563,849,17,6,2026-05-02 01:01:00,2026-05-02 01:24:00,remediated
564,850,70,19,2026-05-01 17:33:00,2026-05-01 17:52:00,escalated
565,855,66,18,2026-05-01 18:20:00,2026-05-01 18:35:00,remediated
566,857,4,2,2026-05-01 21:56:00,2026-05-01 22:29:00,dismissed_false_positive
567,859,18,6,2026-05-01 23:39:00,2026-05-01 23:49:00,remediated
568,860,71,19,2026-05-01 17:00:00,2026-05-01 18:55:00,dismissed_false_positive
569,862,46,13,2026-05-01 11:22:00,2026-05-01 13:16:00,dismissed_false_positive
570,863,53,15,2026-05-01 18:09:00,2026-05-01 18:34:00,escalated
571,864,37,11,2026-05-01 10:47:00,2026-05-01 12:37:00,dismissed_false_positive
572,866,72,20,2026-05-01 21:41:00,2026-05-01 22:48:00,dismissed_false_positive
573,867,25,7,2026-05-01 19:38:00,2026-05-01 20:33:00,escalated
574,869,69,19,2026-05-02 01:41:00,2026-05-02 01:47:00,dismissed_false_positive
575,870,61,17,2026-05-01 18:58:00,2026-05-01 20:28:00,remediated
576,873,7,3,2026-05-01 19:10:00,2026-05-01 21:00:00,escalated
577,875,46,13,2026-05-02 00:59:00,2026-05-02 02:21:00,remediated
578,876,8,3,2026-05-02 01:52:00,2026-05-02 02:47:00,dismissed_false_positive
579,878,39,11,2026-05-02 03:51:00,2026-05-02 05:18:00,dismissed_false_positive
580,879,11,4,2026-05-01 17:01:00,2026-05-01 17:48:00,remediated
581,880,9,3,2026-05-01 22:49:00,2026-05-01 23:20:00,escalated
582,881,71,19,2026-05-01 15:29:00,2026-05-01 16:04:00,escalated
583,882,30,9,2026-05-01 12:07:00,2026-05-01 13:12:00,escalated
584,883,60,16,2026-05-01 22:22:00,2026-05-02 00:05:00,escalated
585,884,7,3,2026-05-02 02:04:00,2026-05-02 03:59:00,remediated
586,885,19,6,2026-05-01 13:46:00,2026-05-01 14:13:00,escalated
587,886,2,1,2026-05-01 18:00:00,2026-05-01 18:57:00,escalated
588,888,28,8,2026-05-01 18:42:00,2026-05-01 19:24:00,dismissed_false_positive
589,889,68,18,2026-05-01 19:43:00,2026-05-01 21:25:00,dismissed_false_positive
590,891,4,2,2026-05-01 16:23:00,2026-05-01 17:43:00,remediated
591,893,14,5,2026-05-01 14:44:00,2026-05-01 15:58:00,remediated
592,895,41,12,2026-05-01 16:42:00,2026-05-01 17:51:00,dismissed_false_positive
593,897,13,5,2026-05-02 03:11:00,2026-05-02 04:12:00,dismissed_false_positive
594,898,71,19,2026-05-01 12:45:00,2026-05-01 14:19:00,dismissed_false_positive
595,899,13,5,2026-05-01 17:03:00,2026-05-01 17:32:00,dismissed_false_positive
596,901,31,9,2026-05-01 11:21:00,2026-05-01 12:48:00,escalated
597,902,64,17,2026-05-01 14:37:00,2026-05-01 15:43:00,remediated
598,903,43,12,2026-05-01 13:19:00,2026-05-01 13:21:00,dismissed_false_positive
599,904,65,18,2026-05-01 14:34:00,2026-05-01 16:17:00,dismissed_false_positive
600,905,51,14,2026-05-01 13:01:00,2026-05-01 14:02:00,escalated
601,906,9,3,2026-05-01 23:47:00,2026-05-02 01:09:00,dismissed_false_positive
602,909,36,10,2026-05-01 21:14:00,2026-05-01 21:15:00,remediated
603,910,56,16,2026-05-01 22:12:00,2026-05-02 00:09:00,escalated
604,911,1,1,2026-05-01 23:12:00,2026-05-02 00:29:00,escalated
605,914,17,6,2026-05-01 13:58:00,2026-05-01 14:16:00,dismissed_false_positive
606,915,51,14,2026-05-01 12:11:00,2026-05-01 14:11:00,remediated
607,916,17,6,2026-05-01 22:05:00,2026-05-01 22:46:00,escalated
608,918,1,1,2026-05-01 19:53:00,2026-05-01 20:46:00,dismissed_false_positive
609,919,17,6,2026-05-01 15:30:00,2026-05-01 15:55:00,escalated
610,921,10,4,2026-05-02 02:25:00,2026-05-02 03:54:00,dismissed_false_positive
611,922,63,17,2026-05-01 14:41:00,2026-05-01 14:57:00,remediated
612,923,28,8,2026-05-01 12:19:00,2026-05-01 13:14:00,escalated
613,928,12,4,2026-05-01 14:15:00,2026-05-01 14:19:00,remediated
614,930,72,20,2026-05-01 19:52:00,2026-05-01 21:30:00,remediated
615,932,10,4,2026-05-02 02:58:00,2026-05-02 03:22:00,dismissed_false_positive
616,934,50,14,2026-05-01 20:24:00,2026-05-01 21:05:00,remediated
617,935,58,16,2026-05-01 22:07:00,2026-05-01 22:18:00,dismissed_false_positive
618,936,54,15,2026-05-01 22:36:00,2026-05-01 23:14:00,dismissed_false_positive
619,937,41,12,2026-05-01 11:04:00,2026-05-01 12:01:00,escalated
620,938,7,3,2026-05-01 13:42:00,2026-05-01 13:56:00,escalated
621,939,17,6,2026-05-01 17:29:00,2026-05-01 19:18:00,dismissed_false_positive
622,942,63,17,2026-05-01 13:03:00,2026-05-01 14:06:00,dismissed_false_positive
623,943,12,4,2026-05-01 10:58:00,2026-05-01 11:21:00,dismissed_false_positive
624,945,64,17,2026-05-02 00:56:00,2026-05-02 02:00:00,dismissed_false_positive
625,948,55,15,2026-05-01 12:01:00,2026-05-01 13:52:00,dismissed_false_positive
626,949,20,6,2026-05-01 18:11:00,2026-05-01 19:14:00,remediated
627,950,68,18,2026-05-01 18:58:00,2026-05-01 19:32:00,dismissed_false_positive
628,951,42,12,2026-05-01 15:34:00,2026-05-01 15:51:00,dismissed_false_positive
629,952,3,1,2026-05-01 16:34:00,2026-05-01 17:20:00,dismissed_false_positive
630,953,27,8,2026-05-01 23:00:00,2026-05-02 00:29:00,remediated
631,954,11,4,2026-05-01 12:58:00,2026-05-01 13:57:00,escalated
632,955,71,19,2026-05-02 02:53:00,2026-05-02 03:54:00,escalated
633,957,12,4,2026-05-01 22:36:00,2026-05-02 00:20:00,escalated
634,958,43,12,2026-05-01 15:07:00,2026-05-01 15:17:00,escalated
635,961,30,9,2026-05-01 20:25:00,2026-05-01 22:07:00,remediated
636,962,36,10,2026-05-01 18:15:00,2026-05-01 18:48:00,escalated
637,965,6,2,2026-05-01 13:56:00,2026-05-01 14:16:00,escalated
638,967,9,3,2026-05-01 14:05:00,2026-05-01 15:28:00,remediated
639,968,46,13,2026-05-01 12:28:00,2026-05-01 14:11:00,dismissed_false_positive
640,969,50,14,2026-05-01 13:30:00,2026-05-01 14:04:00,dismissed_false_positive
641,972,51,14,2026-05-01 23:15:00,2026-05-02 00:48:00,remediated
642,973,61,17,2026-05-01 19:06:00,2026-05-01 19:37:00,escalated
643,975,29,8,2026-05-01 14:11:00,2026-05-01 14:47:00,dismissed_false_positive
644,976,5,2,2026-05-01 19:21:00,2026-05-01 20:02:00,escalated
645,977,31,9,2026-05-01 17:57:00,2026-05-01 18:37:00,remediated
646,979,28,8,2026-05-01 20:55:00,2026-05-01 21:42:00,escalated
647,981,32,9,2026-05-01 13:23:00,2026-05-01 15:17:00,remediated
648,982,39,11,2026-05-01 17:07:00,2026-05-01 18:53:00,dismissed_false_positive
649,984,61,17,2026-05-01 17:45:00,2026-05-01 18:56:00,escalated
650,987,39,11,2026-05-01 12:31:00,2026-05-01 14:03:00,escalated
651,988,73,20,2026-05-02 01:23:00,2026-05-02 02:58:00,remediated
652,989,38,11,2026-05-01 13:47:00,2026-05-01 14:38:00,dismissed_false_positive
653,992,23,7,2026-05-01 23:18:00,2026-05-02 00:13:00,escalated
654,995,23,7,2026-05-01 15:50:00,2026-05-01 17:40:00,remediated
655,996,35,10,2026-05-01 17:27:00,2026-05-01 17:31:00,dismissed_false_positive
656,997,29,8,2026-05-02 02:57:00,2026-05-02 04:20:00,dismissed_false_positive
657,1000,5,2,2026-05-02 02:39:00,2026-05-02 03:57:00,escalated
658,1001,72,20,2026-05-01 10:54:00,2026-05-01 11:33:00,dismissed_false_positive
659,1002,13,5,2026-05-01 20:59:00,2026-05-01 22:03:00,dismissed_false_positive
660,1003,13,5,2026-05-01 15:39:00,2026-05-01 16:20:00,remediated
661,1005,36,10,2026-05-01 21:23:00,2026-05-01 23:18:00,remediated
662,1006,68,18,2026-05-01 11:24:00,2026-05-01 11:48:00,remediated
663,1007,55,15,2026-05-01 12:44:00,2026-05-01 14:15:00,escalated
664,1008,13,5,2026-05-01 16:34:00,2026-05-01 16:58:00,remediated
665,1010,3,1,2026-05-01 23:15:00,2026-05-01 23:47:00,dismissed_false_positive
666,1011,37,11,2026-05-01 16:07:00,2026-05-01 18:06:00,remediated
667,1013,59,16,2026-05-01 20:44:00,2026-05-01 21:27:00,remediated
668,1014,54,15,2026-05-02 02:17:00,2026-05-02 04:00:00,escalated
669,1015,9,3,2026-05-02 02:47:00,2026-05-02 03:10:00,remediated
670,1016,45,13,2026-05-01 12:01:00,2026-05-01 12:53:00,dismissed_false_positive
671,1020,58,16,2026-05-01 20:31:00,2026-05-01 22:15:00,dismissed_false_positive
672,1021,51,14,2026-05-01 12:35:00,2026-05-01 14:02:00,remediated
673,1022,16,5,2026-05-01 19:55:00,2026-05-01 20:06:00,dismissed_false_positive
674,1023,35,10,2026-05-01 19:02:00,2026-05-01 20:13:00,remediated
675,1024,61,17,2026-05-01 19:42:00,2026-05-01 21:07:00,escalated
676,1025,34,9,2026-05-01 12:48:00,2026-05-01 13:48:00,remediated
677,1028,54,15,2026-05-01 16:00:00,2026-05-01 17:36:00,escalated
678,1029,50,14,2026-05-01 10:27:00,2026-05-01 11:51:00,dismissed_false_positive
679,1030,73,20,2026-05-01 16:39:00,2026-05-01 18:06:00,dismissed_false_positive
680,1031,7,3,2026-05-01 14:03:00,2026-05-01 14:06:00,escalated
681,1034,16,5,2026-05-01 19:08:00,2026-05-01 19:28:00,escalated
682,1035,59,16,2026-05-01 10:46:00,2026-05-01 11:24:00,escalated
683,1036,45,13,2026-05-01 17:30:00,2026-05-01 19:02:00,dismissed_false_positive
684,1037,60,16,2026-05-01 21:02:00,2026-05-01 22:05:00,escalated
685,1038,57,16,2026-05-01 23:06:00,2026-05-02 00:20:00,dismissed_false_positive
686,1039,51,14,2026-05-01 13:22:00,2026-05-01 14:07:00,dismissed_false_positive
687,1040,1,1,2026-05-01 15:51:00,2026-05-01 16:21:00,escalated
688,1041,39,11,2026-05-02 01:11:00,2026-05-02 02:44:00,escalated
689,1043,35,10,2026-05-01 21:49:00,2026-05-01 22:10:00,escalated
690,1045,2,1,2026-05-02 01:23:00,2026-05-02 01:46:00,escalated
691,1046,50,14,2026-05-01 21:01:00,2026-05-01 22:04:00,dismissed_false_positive
692,1050,72,20,2026-05-02 00:25:00,2026-05-02 01:46:00,remediated
693,1051,41,12,2026-05-02 00:03:00,2026-05-02 01:08:00,dismissed_false_positive
694,1052,10,4,2026-05-01 21:20:00,2026-05-01 21:36:00,remediated
695,1053,29,8,2026-05-01 16:00:00,2026-05-01 16:35:00,dismissed_false_positive
696,1054,51,14,2026-05-01 22:21:00,2026-05-01 23:29:00,dismissed_false_positive
697,1056,63,17,2026-05-02 03:45:00,2026-05-02 03:47:00,escalated
698,1057,7,3,2026-05-01 17:25:00,2026-05-01 17:47:00,dismissed_false_positive
699,1058,13,5,2026-05-01 22:40:00,2026-05-02 00:08:00,escalated
700,1060,72,20,2026-05-01 22:24:00,2026-05-02 00:18:00,escalated
701,1062,46,13,2026-05-02 02:11:00,2026-05-02 02:54:00,dismissed_false_positive
702,1063,15,5,2026-05-01 14:18:00,2026-05-01 15:25:00,dismissed_false_positive
703,1064,17,6,2026-05-01 12:08:00,2026-05-01 12:47:00,escalated
704,1065,5,2,2026-05-01 16:02:00,2026-05-01 17:26:00,remediated
705,1067,71,19,2026-05-01 22:48:00,2026-05-02 00:14:00,escalated
706,1068,49,13,2026-05-01 23:42:00,2026-05-02 00:57:00,remediated
707,1070,50,14,2026-05-01 11:51:00,2026-05-01 12:52:00,remediated
708,1073,59,16,2026-05-02 00:20:00,2026-05-02 01:23:00,escalated
709,1074,61,17,2026-05-01 21:56:00,2026-05-01 23:32:00,remediated
710,1075,40,12,2026-05-01 21:04:00,2026-05-01 22:18:00,dismissed_false_positive
711,1076,42,12,2026-05-01 16:27:00,2026-05-01 18:09:00,remediated
712,1077,5,2,2026-05-02 02:55:00,2026-05-02 04:30:00,dismissed_false_positive
713,1078,7,3,2026-05-01 18:20:00,2026-05-01 19:18:00,dismissed_false_positive
714,1079,60,16,2026-05-01 13:14:00,2026-05-01 14:52:00,dismissed_false_positive
715,1080,15,5,2026-05-01 13:27:00,2026-05-01 14:18:00,dismissed_false_positive
716,1082,71,19,2026-05-01 23:51:00,2026-05-02 01:14:00,escalated
717,1085,31,9,2026-05-01 15:20:00,2026-05-01 16:38:00,dismissed_false_positive
718,1086,2,1,2026-05-01 19:18:00,2026-05-01 20:26:00,dismissed_false_positive
719,1087,12,4,2026-05-01 13:25:00,2026-05-01 15:04:00,remediated
720,1088,17,6,2026-05-01 22:01:00,2026-05-01 22:09:00,dismissed_false_positive
721,1092,30,9,2026-05-01 15:34:00,2026-05-01 16:36:00,remediated
722,1093,34,9,2026-05-02 03:38:00,2026-05-02 05:02:00,remediated
723,1096,68,18,2026-05-02 04:09:00,2026-05-02 05:09:00,escalated
724,1100,69,19,2026-05-01 15:23:00,2026-05-01 17:10:00,remediated
725,1102,39,11,2026-05-01 15:52:00,2026-05-01 16:34:00,dismissed_false_positive
726,1104,1,1,2026-05-01 23:23:00,2026-05-02 00:53:00,escalated
727,1105,9,3,2026-05-01 23:01:00,2026-05-02 00:48:00,escalated
728,1106,49,13,2026-05-01 17:45:00,2026-05-01 19:29:00,escalated
729,1107,11,4,2026-05-01 16:48:00,2026-05-01 18:24:00,remediated
730,1109,27,8,2026-05-01 19:29:00,2026-05-01 21:25:00,escalated
731,1110,21,7,2026-05-01 13:56:00,2026-05-01 15:09:00,escalated
732,1111,71,19,2026-05-01 21:55:00,2026-05-01 23:31:00,remediated
733,1113,67,18,2026-05-01 22:32:00,2026-05-01 23:55:00,escalated
734,1114,5,2,2026-05-01 18:50:00,2026-05-01 19:57:00,dismissed_false_positive
735,1115,26,8,2026-05-01 15:25:00,2026-05-01 15:26:00,dismissed_false_positive
736,1117,27,8,2026-05-01 14:09:00,2026-05-01 15:30:00,remediated
737,1124,5,2,2026-05-01 11:52:00,2026-05-01 12:01:00,remediated
738,1125,65,18,2026-05-01 16:21:00,2026-05-01 17:58:00,dismissed_false_positive
739,1126,72,20,2026-05-01 18:39:00,2026-05-01 20:32:00,escalated
740,1127,39,11,2026-05-02 02:43:00,2026-05-02 03:59:00,remediated
741,1129,15,5,2026-05-01 17:23:00,2026-05-01 18:20:00,remediated
742,1130,4,2,2026-05-01 16:43:00,2026-05-01 18:20:00,dismissed_false_positive
743,1131,14,5,2026-05-01 18:38:00,2026-05-01 19:26:00,remediated
744,1132,13,5,2026-05-01 14:29:00,2026-05-01 14:55:00,escalated
745,1133,8,3,2026-05-01 14:13:00,2026-05-01 15:30:00,escalated
746,1134,39,11,2026-05-01 15:20:00,2026-05-01 16:19:00,remediated
747,1135,27,8,2026-05-01 19:32:00,2026-05-01 21:11:00,dismissed_false_positive
748,1137,2,1,2026-05-01 11:22:00,2026-05-01 11:37:00,remediated
749,1138,70,19,2026-05-01 11:21:00,2026-05-01 11:44:00,remediated
750,1139,19,6,2026-05-02 00:30:00,2026-05-02 00:53:00,dismissed_false_positive
751,1140,3,1,2026-05-01 14:14:00,2026-05-01 14:29:00,dismissed_false_positive
752,1142,20,6,2026-05-02 02:52:00,2026-05-02 04:51:00,remediated
753,1143,25,7,2026-05-01 17:22:00,2026-05-01 18:44:00,remediated
754,1148,63,17,2026-05-01 20:02:00,2026-05-01 20:50:00,escalated
755,1149,59,16,2026-05-01 16:16:00,2026-05-01 17:31:00,escalated
756,1150,53,15,2026-05-01 18:39:00,2026-05-01 19:28:00,escalated
757,1152,36,10,2026-05-01 18:57:00,2026-05-01 19:57:00,escalated
758,1153,51,14,2026-05-01 19:41:00,2026-05-01 20:45:00,dismissed_false_positive
759,1154,53,15,2026-05-01 14:42:00,2026-05-01 15:20:00,escalated
760,1155,31,9,2026-05-01 11:45:00,2026-05-01 12:55:00,remediated
761,1156,32,9,2026-05-02 00:01:00,2026-05-02 00:19:00,escalated
762,1157,30,9,2026-05-01 23:53:00,2026-05-02 01:34:00,dismissed_false_positive
763,1158,71,19,2026-05-01 11:50:00,2026-05-01 12:10:00,dismissed_false_positive
764,1159,24,7,2026-05-01 14:59:00,2026-05-01 15:43:00,remediated
765,1161,2,1,2026-05-01 13:57:00,2026-05-01 13:59:00,dismissed_false_positive
766,1162,42,12,2026-05-01 15:27:00,2026-05-01 16:19:00,escalated
767,1165,24,7,2026-05-01 11:19:00,2026-05-01 12:02:00,escalated
768,1167,17,6,2026-05-02 00:32:00,2026-05-02 00:41:00,dismissed_false_positive
769,1168,61,17,2026-05-01 17:47:00,2026-05-01 18:09:00,dismissed_false_positive
770,1169,51,14,2026-05-01 13:34:00,2026-05-01 14:36:00,escalated
771,1171,57,16,2026-05-01 21:23:00,2026-05-01 22:55:00,escalated
772,1172,16,5,2026-05-01 11:37:00,2026-05-01 12:45:00,dismissed_false_positive
773,1174,36,10,2026-05-01 17:41:00,2026-05-01 19:25:00,remediated
774,1176,11,4,2026-05-01 23:47:00,2026-05-02 00:08:00,dismissed_false_positive
775,1179,7,3,2026-05-01 18:58:00,2026-05-01 19:31:00,remediated
776,1180,9,3,2026-05-01 23:27:00,2026-05-02 00:19:00,remediated
777,1181,12,4,2026-05-02 03:15:00,2026-05-02 04:15:00,dismissed_false_positive
778,1184,19,6,2026-05-01 13:33:00,2026-05-01 15:11:00,remediated
779,1185,16,5,2026-05-01 16:11:00,2026-05-01 18:06:00,escalated
780,1186,6,2,2026-05-02 00:30:00,2026-05-02 01:27:00,remediated
781,1187,22,7,2026-05-01 16:26:00,2026-05-01 17:20:00,remediated
782,1188,37,11,2026-05-01 23:29:00,2026-05-01 23:42:00,escalated
783,1189,50,14,2026-05-02 01:16:00,2026-05-02 01:41:00,escalated
784,1190,50,14,2026-05-01 14:39:00,2026-05-01 15:02:00,remediated
785,1191,46,13,2026-05-01 19:34:00,2026-05-01 20:10:00,escalated
786,1192,4,2,2026-05-02 02:45:00,2026-05-02 04:02:00,dismissed_false_positive
787,1193,12,4,2026-05-01 19:22:00,2026-05-01 20:39:00,dismissed_false_positive
788,1195,39,11,2026-05-01 19:31:00,2026-05-01 21:28:00,escalated
789,1198,72,20,2026-05-01 11:39:00,2026-05-01 12:05:00,remediated
790,1199,29,8,2026-05-01 23:17:00,2026-05-02 00:40:00,remediated
791,1200,35,10,2026-05-01 14:21:00,2026-05-01 15:31:00,remediated
792,1201,27,8,2026-05-01 20:46:00,2026-05-01 21:43:00,escalated
793,1203,13,5,2026-05-01 13:08:00,2026-05-01 14:03:00,escalated
794,1206,23,7,2026-05-02 01:30:00,2026-05-02 02:21:00,dismissed_false_positive
795,1208,56,16,2026-05-01 23:11:00,2026-05-02 00:49:00,dismissed_false_positive
796,1209,19,6,2026-05-01 17:06:00,2026-05-01 17:55:00,escalated
797,1210,8,3,2026-05-01 14:17:00,2026-05-01 14:42:00,remediated
798,1212,43,12,2026-05-01 19:37:00,2026-05-01 19:47:00,dismissed_false_positive
799,1213,11,4,2026-05-02 02:50:00,2026-05-02 03:23:00,escalated
800,1216,40,12,2026-05-01 22:53:00,2026-05-02 00:21:00,remediated
801,1218,48,13,2026-05-01 22:28:00,2026-05-02 00:21:00,dismissed_false_positive
802,1219,36,10,2026-05-01 21:37:00,2026-05-01 23:30:00,escalated
803,1221,31,9,2026-05-02 01:53:00,2026-05-02 02:15:00,dismissed_false_positive
804,1222,51,14,2026-05-01 21:32:00,2026-05-01 21:55:00,dismissed_false_positive
805,1223,57,16,2026-05-01 20:19:00,2026-05-01 20:47:00,remediated
806,1224,23,7,2026-05-02 03:20:00,2026-05-02 04:40:00,remediated
807,1225,17,6,2026-05-01 15:36:00,2026-05-01 15:45:00,dismissed_false_positive
808,1226,56,16,2026-05-01 10:10:00,2026-05-01 11:36:00,escalated
809,1227,4,2,2026-05-01 14:43:00,2026-05-01 16:21:00,dismissed_false_positive
810,1228,58,16,2026-05-01 21:46:00,2026-05-01 23:40:00,dismissed_false_positive
811,1229,28,8,2026-05-01 21:29:00,2026-05-01 22:15:00,dismissed_false_positive
812,1230,2,1,2026-05-02 02:45:00,2026-05-02 04:44:00,remediated
813,1231,31,9,2026-05-01 17:42:00,2026-05-01 19:34:00,dismissed_false_positive
814,1232,3,1,2026-05-02 03:07:00,2026-05-02 04:59:00,remediated
815,1234,49,13,2026-05-02 01:33:00,2026-05-02 03:33:00,dismissed_false_positive
816,1235,12,4,2026-05-01 18:06:00,2026-05-01 18:25:00,escalated
817,1238,60,16,2026-05-01 15:43:00,2026-05-01 17:08:00,escalated
818,1240,31,9,2026-05-02 00:11:00,2026-05-02 01:37:00,remediated
819,1242,71,19,2026-05-01 12:38:00,2026-05-01 14:14:00,escalated
820,1243,68,18,2026-05-02 00:02:00,2026-05-02 00:40:00,remediated
821,1245,15,5,2026-05-02 02:17:00,2026-05-02 02:57:00,remediated
822,1247,14,5,2026-05-01 13:39:00,2026-05-01 14:38:00,dismissed_false_positive
823,1248,59,16,2026-05-01 13:56:00,2026-05-01 15:45:00,escalated
824,1249,61,17,2026-05-01 15:08:00,2026-05-01 16:12:00,dismissed_false_positive
825,1250,45,13,2026-05-02 01:21:00,2026-05-02 01:48:00,escalated
826,1253,68,18,2026-05-01 16:30:00,2026-05-01 18:07:00,dismissed_false_positive
827,1255,68,18,2026-05-01 13:21:00,2026-05-01 14:36:00,remediated
828,1257,55,15,2026-05-01 16:41:00,2026-05-01 18:17:00,remediated
829,1259,16,5,2026-05-02 02:35:00,2026-05-02 04:34:00,remediated
830,1260,4,2,2026-05-01 19:07:00,2026-05-01 20:28:00,escalated
831,1261,29,8,2026-05-01 18:43:00,2026-05-01 20:07:00,escalated
832,1262,8,3,2026-05-02 02:09:00,2026-05-02 03:06:00,dismissed_false_positive
833,1263,11,4,2026-05-01 22:10:00,2026-05-01 23:24:00,dismissed_false_positive
834,1265,51,14,2026-05-01 19:54:00,2026-05-01 21:26:00,escalated
835,1266,2,1,2026-05-01 21:17:00,2026-05-01 22:32:00,escalated
836,1267,10,4,2026-05-02 03:45:00,2026-05-02 05:14:00,remediated
837,1269,9,3,2026-05-01 14:38:00,2026-05-01 15:43:00,dismissed_false_positive
838,1270,50,14,2026-05-01 15:21:00,2026-05-01 17:17:00,dismissed_false_positive
839,1271,53,15,2026-05-01 20:57:00,2026-05-01 22:54:00,dismissed_false_positive
840,1273,4,2,2026-05-01 12:27:00,2026-05-01 14:14:00,remediated
841,1274,72,20,2026-05-01 21:39:00,2026-05-01 22:59:00,dismissed_false_positive
842,1275,46,13,2026-05-01 17:22:00,2026-05-01 18:49:00,dismissed_false_positive
843,1277,23,7,2026-05-01 19:57:00,2026-05-01 20:38:00,dismissed_false_positive
844,1279,50,14,2026-05-01 16:20:00,2026-05-01 18:00:00,dismissed_false_positive
845,1282,10,4,2026-05-01 20:43:00,2026-05-01 21:46:00,remediated
846,1284,19,6,2026-05-02 03:53:00,2026-05-02 05:28:00,escalated
847,1285,68,18,2026-05-01 19:36:00,2026-05-01 20:42:00,escalated
848,1286,49,13,2026-05-02 00:06:00,2026-05-02 01:28:00,dismissed_false_positive
849,1287,29,8,2026-05-01 22:49:00,2026-05-02 00:32:00,dismissed_false_positive
850,1290,9,3,2026-05-01 14:13:00,2026-05-01 14:24:00,escalated
851,1291,2,1,2026-05-01 22:39:00,2026-05-02 00:07:00,escalated
852,1293,3,1,2026-05-01 18:50:00,2026-05-01 20:15:00,escalated
853,1295,62,17,2026-05-01 13:17:00,2026-05-01 14:23:00,dismissed_false_positive
854,1296,51,14,2026-05-01 16:43:00,2026-05-01 17:27:00,escalated
855,1297,36,10,2026-05-01 18:15:00,2026-05-01 19:50:00,escalated
856,1300,38,11,2026-05-01 17:56:00,2026-05-01 19:29:00,remediated
857,1301,51,14,2026-05-01 15:18:00,2026-05-01 15:38:00,dismissed_false_positive
858,1302,15,5,2026-05-01 14:30:00,2026-05-01 15:17:00,dismissed_false_positive
859,1303,67,18,2026-05-01 12:48:00,2026-05-01 13:09:00,remediated
860,1304,41,12,2026-05-01 12:11:00,2026-05-01 13:02:00,dismissed_false_positive
861,1306,30,9,2026-05-01 18:54:00,2026-05-01 20:22:00,escalated
862,1308,1,1,2026-05-01 14:18:00,2026-05-01 15:46:00,remediated
863,1309,50,14,2026-05-01 18:27:00,2026-05-01 18:38:00,dismissed_false_positive
864,1311,31,9,2026-05-01 22:53:00,2026-05-02 00:34:00,remediated
865,1312,62,17,2026-05-01 13:30:00,2026-05-01 14:22:00,remediated
866,1313,50,14,2026-05-01 20:38:00,2026-05-01 21:27:00,dismissed_false_positive
867,1314,27,8,2026-05-01 16:50:00,2026-05-01 17:45:00,escalated
868,1315,42,12,2026-05-02 02:37:00,2026-05-02 03:18:00,remediated
869,1316,37,11,2026-05-01 16:10:00,2026-05-01 16:23:00,dismissed_false_positive
870,1318,66,18,2026-05-01 16:26:00,2026-05-01 18:02:00,escalated
871,1319,31,9,2026-05-01 20:12:00,2026-05-01 20:29:00,escalated
872,1320,10,4,2026-05-01 20:58:00,2026-05-01 22:57:00,remediated
873,1322,25,7,2026-05-01 22:43:00,2026-05-01 23:37:00,escalated
874,1323,67,18,2026-05-02 02:48:00,2026-05-02 03:04:00,dismissed_false_positive
875,1324,61,17,2026-05-01 13:07:00,2026-05-01 13:45:00,remediated
876,1325,6,2,2026-05-01 14:23:00,2026-05-01 16:15:00,escalated
877,1326,20,6,2026-05-01 23:38:00,2026-05-02 00:30:00,escalated
878,1328,64,17,2026-05-01 19:04:00,2026-05-01 19:42:00,escalated
879,1329,26,8,2026-05-01 20:28:00,2026-05-01 20:47:00,dismissed_false_positive
880,1333,67,18,2026-05-01 23:38:00,2026-05-02 00:16:00,dismissed_false_positive
881,1334,2,1,2026-05-01 13:47:00,2026-05-01 14:56:00,escalated
882,1339,51,14,2026-05-01 12:55:00,2026-05-01 13:54:00,remediated
883,1341,19,6,2026-05-01 10:44:00,2026-05-01 12:29:00,dismissed_false_positive
884,1342,21,7,2026-05-01 13:25:00,2026-05-01 15:22:00,escalated
885,1344,3,1,2026-05-01 11:57:00,2026-05-01 13:43:00,remediated
886,1345,4,2,2026-05-01 15:35:00,2026-05-01 16:52:00,remediated
887,1348,53,15,2026-05-01 15:46:00,2026-05-01 15:54:00,escalated
888,1349,65,18,2026-05-01 10:59:00,2026-05-01 11:13:00,escalated
889,1350,50,14,2026-05-01 10:56:00,2026-05-01 11:46:00,remediated
890,1352,26,8,2026-05-02 03:38:00,2026-05-02 04:21:00,remediated
891,1353,6,2,2026-05-01 13:17:00,2026-05-01 14:34:00,remediated
892,1354,15,5,2026-05-01 20:53:00,2026-05-01 21:28:00,dismissed_false_positive
893,1356,14,5,2026-05-01 17:00:00,2026-05-01 18:42:00,dismissed_false_positive
894,1357,12,4,2026-05-01 17:59:00,2026-05-01 18:16:00,remediated
895,1358,42,12,2026-05-01 19:19:00,2026-05-01 20:37:00,escalated
896,1359,29,8,2026-05-01 18:12:00,2026-05-01 19:21:00,escalated
897,1360,45,13,2026-05-01 21:34:00,2026-05-01 23:03:00,escalated
898,1361,40,12,2026-05-01 14:29:00,2026-05-01 14:47:00,remediated
899,1367,8,3,2026-05-02 01:04:00,2026-05-02 01:23:00,remediated
900,1368,50,14,2026-05-01 23:21:00,2026-05-02 00:57:00,escalated
901,1369,36,10,2026-05-01 18:24:00,2026-05-01 19:53:00,remediated
902,1370,6,2,2026-05-01 22:51:00,2026-05-01 23:42:00,dismissed_false_positive
903,1371,54,15,2026-05-02 02:36:00,2026-05-02 04:36:00,remediated
904,1372,46,13,2026-05-01 22:48:00,2026-05-01 23:17:00,dismissed_false_positive
905,1373,72,20,2026-05-02 01:20:00,2026-05-02 02:43:00,dismissed_false_positive
906,1374,17,6,2026-05-02 00:07:00,2026-05-02 00:42:00,remediated
907,1375,37,11,2026-05-01 14:19:00,2026-05-01 14:28:00,remediated
908,1376,25,7,2026-05-01 13:37:00,2026-05-01 14:50:00,escalated
909,1379,62,17,2026-05-01 15:39:00,2026-05-01 17:09:00,escalated
910,1380,61,17,2026-05-01 20:16:00,2026-05-01 21:05:00,dismissed_false_positive
911,1381,35,10,2026-05-01 13:56:00,2026-05-01 14:08:00,escalated
912,1382,14,5,2026-05-02 02:43:00,2026-05-02 03:27:00,dismissed_false_positive
913,1383,6,2,2026-05-02 00:31:00,2026-05-02 01:49:00,remediated
914,1385,15,5,2026-05-01 20:19:00,2026-05-01 21:00:00,remediated
915,1386,17,6,2026-05-01 14:56:00,2026-05-01 15:19:00,escalated
916,1387,33,9,2026-05-01 14:40:00,2026-05-01 14:56:00,escalated
917,1388,48,13,2026-05-02 01:43:00,2026-05-02 03:32:00,escalated
918,1389,40,12,2026-05-01 22:12:00,2026-05-02 00:05:00,escalated
919,1390,26,8,2026-05-01 12:59:00,2026-05-01 14:12:00,dismissed_false_positive
920,1391,29,8,2026-05-02 01:40:00,2026-05-02 02:40:00,dismissed_false_positive
921,1393,48,13,2026-05-01 14:05:00,2026-05-01 14:49:00,escalated
922,1394,56,16,2026-05-01 15:05:00,2026-05-01 16:06:00,remediated
923,1395,39,11,2026-05-01 12:16:00,2026-05-01 13:03:00,dismissed_false_positive
924,1397,51,14,2026-05-01 14:27:00,2026-05-01 15:03:00,dismissed_false_positive
925,1399,31,9,2026-05-02 02:06:00,2026-05-02 03:01:00,dismissed_false_positive
926,1403,66,18,2026-05-01 13:05:00,2026-05-01 14:39:00,escalated
927,1405,58,16,2026-05-01 13:29:00,2026-05-01 13:30:00,dismissed_false_positive
928,1406,16,5,2026-05-01 22:30:00,2026-05-01 22:55:00,dismissed_false_positive
929,1407,20,6,2026-05-01 14:06:00,2026-05-01 15:33:00,escalated
930,1409,61,17,2026-05-01 22:55:00,2026-05-01 23:48:00,dismissed_false_positive
931,1410,51,14,2026-05-01 12:44:00,2026-05-01 13:07:00,escalated
932,1411,47,13,2026-05-02 01:55:00,2026-05-02 03:15:00,remediated
